,repository_name,language
0,.github,
1,aioshumway,Python
2,android-auth,HTML
3,android-sdk,HTML
4,android-store-service,Python
5,annoy,C++
6,annoy-java,Java
7,apollo,Java
8,apollo-elide,Java
9,apollo-metrics,
10,apps-tutorial,
11,argo-rollouts,
12,async-datastore-client,Java
13,async-google-pubsub-client,Java
14,backup-utils,Shell
15,basic-pitch,Python
16,basic-pitch-ts,TypeScript
17,batty,Python
18,bazel,
19,bazel-tools,Java
20,beam,Java
21,big-data-rosetta-code,Scala
22,bigtable-autoscaler,Java
23,boilerplate-app,
24,bucket-runner,JavaScript
25,cartography,Python
26,cassandra-extra,Java
27,cassandra-medusa,Python
28,cassandra-opstools,Java
29,cassandra-reaper,
30,causify,
31,certcheck,Python
32,chartify,Python
33,code-of-conduct,
34,collectd,C
35,comet,Python
36,comet-common,Python
37,comet-core,Python
38,completable-futures,Java
39,condor,Java
40,confidence,Python
41,confidence-sdk-android,Kotlin
42,confidence-sdk-demos,TypeScript
43,confidence-sdk-flutter,Dart
44,confidence-sdk-go,Go
45,confidence-sdk-java,Java
46,confidence-sdk-js,TypeScript
47,confidence-sdk-python,Python
48,confidence-sdk-rust,Rust
49,confidence-sdk-swift,Swift
50,container-agent,Python
51,conversion-api-tag-template,Smarty
52,cookiecutter-golang,Go
53,coordinator,HTML
54,crtauth,Python
55,crtauth-java,Java
56,crtauth-java-agent-signer-apache,Java
57,crunch-lib,Java
58,cstar,Python
59,daemon-java,Java
60,dataenum,Java
61,DataflowJavaSDK,Java
62,dataproc-java-submitter,Java
63,dataprocxy,Python
64,dbeam,Java
65,debify,Shell
66,dh-virtualenv,Python
67,diffuser,Swift
68,dns-java,Java
69,docgenerator,Java
70,docker-alpine,
71,docker-bigtable,Go
72,docker-cassandra,Shell
73,docker-client,Java
74,docker-gc,Shell
75,docker-kafka,Shell
76,docker-maven-plugin,Java
77,docker-stress,Python
78,dockerfile-maven,Java
79,dockerfile-mode,Emacs Lisp
80,docker_interface,Python
81,drserv,Python
82,druid,
83,duck,Ruby
84,echoprint-codegen,C++
85,echoprint-server,Java
86,elasticsearch-index-window,Java
87,elitzur,Scala
88,eslint-config-oss,JavaScript
89,etcd,Go
90,featran,Scala
91,ffwd,Java
92,ffwd-client-java,Java
93,ffwd-http-client,Java
94,ffwd-ruby,Ruby
95,flink,Java
96,flink-docker,
97,flink-on-k8s-operator,Go
98,flo,Java
99,flume-syslog-source2,Java
100,flyte-flink-plugin,Go
101,fmt-maven-plugin,Java
102,folsom,Java
103,foss-root,
104,futures-extra,Java
105,futuristic-feline,Java
106,gcp-audit,Python
107,gcp-aws-iam-federation-webidentity,HCL
108,gcp-firewall-enforcer,Python
109,gcs-tools,Scala
110,ghelog,Python
111,gimme,Python
112,git-test,Shell
113,github-java-client,Java
114,google-http-java-client,Java
115,gordon,Python
116,gordon-gcp,Python
117,gordon-introspection,Python
118,gordon-janitor,Python
119,gordon-janitor-gcp,Python
120,griffin,Python
121,hadoop-openpgp-codec,Java
122,hdfs2cass,Java
123,helios,Java
124,helios-go,Go
125,helios-skydns,Java
126,heroic,Java
127,heroic-client-go,Go
128,heroic-client-java,Java
129,homebrew-public,Ruby
130,hornet,Scala
131,HubFramework,Objective-C
132,hush-tab,JavaScript
133,hype,Java
134,hyperflo,Scala
135,ieee-spm-vocals-tutorial,Jupyter Notebook
136,ios-auth,Objective-C
137,ios-ci,Shell
138,ios-sdk,Objective-C
139,ios-style,
140,java-hamcrest,Java
141,java-lkk,Java
142,java-locales,Java
143,jenkins-coverage-poster,Groovy
144,jira-lkk-bridge,Java
145,JniHelpers,C++
146,jsconfeu-2013,JavaScript
147,kafka,Scala
148,kairosdb,Java
149,kernel-common,
150,klio,Python
151,lemur,Python
152,lighthouse-audit-service,TypeScript
153,limbo,Scala
154,lingon,JavaScript
155,linux,C
156,logging-java,Java
157,luigi,Python
158,lyceum,Clojure
159,mace,
160,magnolify,Scala
161,metrics-munin-reporter,Java
162,missinglink,Java
163,mlockexec,Python
164,mobius,Java
165,mobius-android-sample,Java
166,Mobius.swift,Swift
167,moob,Ruby
168,netty-batch-flusher,Java
169,netty-zmtp,Java
170,noether,Scala
171,okta-sdk-python,Python
172,openfeature-kotlin-sdk,Kotlin
173,openfeature-swift-sdk,Swift
174,pedalboard,C++
175,PeqBank,C
176,perf-map-agent,C
177,phpconf-argentina-2014,JavaScript
178,platform-external-bluetooth-bluez,
179,polly-jest-presets,TypeScript
180,postgresql-metrics,Python
181,proto-registry,TypeScript
182,proto-requests,TypeScript
183,protoman,Java
184,puppet-talos,Puppet
185,pyeos,Python
186,pyfg,Python
187,pyschema,Python
188,python-graphwalker,Python
189,pythonflow,Python
190,pywk,Python
191,quickstart,JavaScript
192,ratatool,Scala
193,react-native-lookback,Objective-C
194,reactochart,JavaScript
195,realbook,Python
196,redux-location-state,JavaScript
197,requests-crtauth,Python
198,robolectric,Java
199,rspec-dns,Ruby
200,rspec-dnsruby,Ruby
201,ruler,Kotlin
202,s3mper,Java
203,scanctl,Python
204,scio,Scala
205,scio-contrib,Scala
206,scio-idea-plugin,Scala
207,scio.g8,Scala
208,sekexe,Shell
209,semantic-metrics,Java
210,should-up,JavaScript
211,shumway,Python
212,simple-bigtable,Java
213,skydns,
214,skygc,Python
215,snakebite,Python
216,soa-reference-integration,TypeScript
217,soundcheck-demo-environment,TypeScript
218,sourcekit-bazel-bsp,Swift
219,spark-bigquery,Scala
220,sparkey,C
221,sparkey-java,Java
222,sparkey-python,Python
223,spawn,Java
224,spotify-checkstyle-config,
225,spotify-heroic-datasource,TypeScript
226,spotify-js-challenge,JavaScript
227,spotify-json,C++
228,spotify-tensorflow,Python
229,spotify-web-api-ts-sdk,TypeScript
230,spotify-web-playback-sdk-example,JavaScript
231,spotify.github.io,HTML
232,SpotifyLogin,Swift
233,sprunch,Scala
234,SPStackedNav,Objective-C
235,SPTDataLoader,Objective-C
236,SPTPersistentCache,Objective-C
237,spydra,Java
238,spymaster,Python
239,squashing-census-exporter,Kotlin
240,ssh-agent-proxy,Java
241,ssh-agent-tls,Java
242,styx,Java
243,super-smash-brogp,Python
244,swupdate,
245,syslog-redirector,Go
246,syslog-redirector-golang,Go
247,talos,Ruby
248,terraform-gke-kubeflow-cluster,HCL
249,terraform-google-aws-hybrid-cloud-vpn,HCL
250,terraform-google-grr,HCL
251,testing-game,Python
252,tfexample-derive,Scala
253,tfreader,Scala
254,tfx,Python
255,threaddump-analyzer,JavaScript
256,trickle,Java
257,ts-interface-loader,TypeScript
258,tutter-jenkins,Ruby
259,uboot,
260,ulogger,Python
261,Vandelay,Java
262,vdisk,Python
263,vispana,JavaScript
264,visualizer-app,
265,volcano,Go
266,voyager,C++
267,wasd,Java
268,web-api,RAML
269,web-api-examples,HTML
270,web-audio-bench,JavaScript
271,web-playback-sdk,
272,web-scripts,TypeScript
273,web-scripts-library-template,TypeScript
274,XCMetrics,Swift
275,XCRemoteCache,Swift
276,zoltar,Java
